"","RNA_snn_res.0.25","RNA_snn_res.0.5","RNA_snn_res.1","RNA_snn_res.1.5","RNA_snn_res.2","RNA_snn_res.2.5"
"1","0","0","0","0","0","0"
"2","0","0","0","3","3","2"
"3","0","0","2","1","1","1"
"4","0","0","0","0","0","0"
"5","1","1","3","5","4","13"
"6","0","0","2","1","1","1"
"7","1","1","1","3","9","14"
"8","1","1","1","1","6","7"
"9","0","0","2","0","1","1"
"10","0","2","4","0","0","3"
"11","0","0","2","1","1","1"
"12","0","2","4","4","2","3"
"13","0","0","0","0","0","0"
"14","0","2","4","4","2","3"
"15","0","0","0","0","11","11"
"16","0","0","0","0","11","11"
"17","0","0","0","3","3","2"
"18","1","1","2","1","6","7"
"19","0","0","0","3","3","2"
"20","1","1","3","7","12","8"
"21","0","0","0","6","10","10"
"22","1","2","3","5","4","4"
"23","1","1","1","6","10","10"
"24","1","2","4","4","7","9"
"25","1","1","2","1","6","7"
"26","1","1","1","2","8","17"
"27","1","1","1","2","12","23"
"28","1","1","2","1","1","7"
"29","0","0","2","1","1","7"
"30","1","2","3","5","4","4"
"31","0","2","4","4","2","9"
"33","0","0","0","0","0","0"
"35","1","1","1","2","5","5"
"36","1","1","1","2","8","23"
"37","0","2","4","4","2","3"
"38","0","0","0","0","0","0"
"39","0","0","0","0","0","8"
"40","0","2","4","4","2","9"
"41","0","0","0","3","3","0"
"42","0","0","0","0","0","0"
"43","0","2","4","4","2","3"
"44","1","1","3","5","7","6"
"45","1","1","2","1","1","1"
"46","0","0","0","3","3","2"
"47","1","1","1","2","12","15"
"48","0","0","0","3","3","2"
"49","0","2","4","4","2","3"
"50","0","0","0","6","5","5"
"51","1","1","2","1","6","7"
"52","0","0","0","0","0","8"
"53","1","1","1","2","8","25"
"54","1","1","1","2","13","13"
"55","1","1","1","2","13","13"
"56","1","1","1","2","9","18"
"57","1","2","3","5","4","4"
"58","1","2","3","5","4","12"
"59","1","2","3","5","4","4"
"60","0","0","0","6","10","10"
"61","1","1","1","2","12","29"
"62","1","1","1","1","6","7"
"63","1","1","1","2","8","25"
"64","1","1","1","2","8","22"
"65","0","0","0","0","0","0"
"68","1","2","3","5","7","12"
"70","0","0","0","0","0","0"
"73","0","0","2","1","1","1"
"74","1","1","2","0","13","16"
"75","0","0","0","6","5","5"
"76","0","0","0","0","0","8"
"77","0","2","4","4","2","3"
"78","0","0","0","0","0","8"
"79","0","0","0","3","3","2"
"80","0","2","4","4","2","3"
"82","0","0","0","0","11","11"
"83","0","0","0","3","3","2"
"84","0","0","0","3","3","2"
"85","0","0","0","0","11","11"
"86","0","0","4","4","2","3"
"87","0","0","0","3","3","0"
"88","0","0","0","0","1","0"
"89","0","2","4","4","5","9"
"90","0","0","0","3","3","2"
"92","1","1","3","5","4","4"
"93","1","1","1","2","8","27"
"94","1","1","1","2","13","21"
"95","0","0","0","3","3","2"
"96","0","0","0","3","3","2"
"97","0","0","0","0","0","8"
"99","0","0","0","0","11","11"
"100","0","0","0","0","0","8"
"102","0","0","0","0","0","8"
"103","0","2","4","4","2","3"
"104","0","0","2","0","1","0"
"105","1","1","1","2","15","12"
"106","1","1","1","5","15","12"
"107","0","2","4","4","2","3"
"109","1","1","1","8","15","12"
"110","1","1","1","2","8","27"
"111","1","1","1","2","13","13"
"112","1","1","1","2","14","19"
"114","0","0","0","0","0","0"
"115","1","2","3","5","7","6"
"116","1","1","1","2","8","17"
"117","1","2","3","5","7","6"
"118","0","0","0","0","10","10"
"119","0","0","0","0","0","0"
"120","0","0","0","3","3","2"
"121","1","1","1","3","9","14"
"122","1","1","3","2","7","6"
"123","0","0","0","6","5","5"
"124","1","2","3","5","4","12"
"125","0","0","0","0","0","8"
"126","0","0","0","3","3","2"
"127","1","2","3","5","7","6"
"128","0","0","0","3","3","2"
"129","1","1","1","2","6","7"
"131","1","1","1","2","13","21"
"132","0","0","2","1","1","1"
"133","1","2","3","5","7","6"
"134","0","0","0","0","0","0"
"135","1","1","1","2","12","23"
"136","1","1","1","2","9","18"
"138","1","1","3","5","4","4"
"141","1","2","3","5","4","4"
"145","1","1","1","2","12","15"
"150","1","1","1","3","9","14"
"152","1","2","3","5","4","12"
"153","1","1","1","2","14","19"
"156","1","1","1","2","8","17"
"158","1","1","1","2","14","24"
"159","1","1","1","2","10","10"
"160","1","1","1","2","8","18"
"161","1","1","1","2","5","5"
"162","0","0","0","0","0","8"
"164","0","0","2","1","1","1"
"165","0","0","0","6","5","5"
"166","0","2","4","4","2","3"
"167","0","0","2","1","1","1"
"168","0","0","0","0","0","0"
"169","0","0","0","0","0","8"
"170","1","0","0","3","3","2"
"172","0","0","0","0","11","11"
"173","0","0","0","3","3","2"
"174","0","0","0","3","3","2"
"175","0","0","0","0","0","8"
"177","1","1","1","0","0","16"
"178","1","1","1","2","6","7"
"179","0","0","4","0","11","11"
"180","0","0","0","0","11","11"
"181","1","1","1","2","9","14"
"182","1","1","1","2","5","18"
"185","1","2","3","5","4","4"
"186","1","1","1","2","6","26"
"189","0","0","0","3","3","8"
"190","0","0","0","6","10","10"
"191","0","2","4","4","2","9"
"192","1","1","1","2","12","16"
"193","1","1","1","6","5","9"
"195","1","1","1","3","9","8"
"196","1","2","3","5","4","4"
"197","0","0","0","3","3","2"
"198","1","2","3","5","7","6"
"199","0","0","0","3","3","2"
"200","0","0","0","0","0","0"
"201","0","0","0","6","10","10"
"202","0","0","0","6","5","5"
"203","1","1","1","2","6","14"
"204","1","1","1","2","6","14"
"205","1","1","1","2","8","20"
"206","0","0","0","0","0","8"
"207","1","1","1","2","6","22"
"208","0","0","0","3","3","2"
"209","1","1","1","2","6","22"
"210","1","1","1","2","12","15"
"211","0","0","0","3","3","2"
"212","0","0","0","6","5","5"
"213","0","0","0","3","3","2"
"218","0","0","0","0","0","0"
"219","0","0","0","0","0","0"
"220","0","0","2","1","1","1"
"221","0","0","2","0","1","1"
"222","1","0","0","6","10","10"
"223","0","2","4","4","2","3"
"224","0","0","0","3","3","2"
"225","0","0","0","6","5","5"
"226","0","0","0","6","5","5"
"227","0","0","0","3","3","2"
"228","0","0","0","3","3","2"
"229","0","0","0","0","0","0"
"230","0","0","0","3","3","2"
"231","0","0","2","1","1","1"
"232","0","0","0","6","5","5"
"233","0","0","0","0","0","0"
"234","0","0","0","3","3","2"
"236","0","0","0","3","3","2"
"238","1","2","3","5","4","4"
"239","1","2","3","5","7","6"
"240","1","1","1","2","8","20"
"241","0","0","0","0","0","8"
"243","1","2","3","5","4","4"
"244","0","2","4","4","2","3"
"245","0","0","0","3","3","2"
"246","0","0","0","0","0","8"
"247","0","0","2","1","1","1"
"248","1","2","3","5","7","6"
"249","1","1","3","5","7","6"
"250","1","1","1","2","8","30"
"251","1","1","1","2","13","13"
"252","0","2","4","4","2","9"
"253","1","1","1","2","8","17"
"254","1","1","1","3","5","14"
"255","1","1","1","2","6","7"
"257","0","0","2","1","1","8"
"259","1","1","1","2","8","19"
"260","1","1","1","2","9","30"
"261","0","0","0","0","0","0"
"262","0","0","0","3","3","2"
"263","1","2","3","5","4","4"
"264","1","1","2","1","6","7"
"265","1","2","3","5","4","4"
"266","0","2","4","4","2","9"
"267","1","2","3","5","4","4"
"268","0","0","0","0","0","0"
"269","1","2","3","5","4","4"
"271","1","1","1","2","8","20"
"272","1","2","3","5","4","4"
"273","0","0","0","0","0","8"
"274","1","2","3","5","4","4"
"275","0","2","4","4","2","3"
"276","1","1","1","2","8","24"
"277","1","2","3","5","4","4"
"278","1","2","3","5","4","4"
"280","1","1","1","2","11","11"
"281","1","2","3","5","4","4"
"283","1","1","3","5","4","4"
"285","1","2","3","5","4","4"
"286","0","0","0","6","10","10"
"289","1","1","1","2","12","17"
"290","1","1","1","2","9","30"
"291","1","1","1","2","8","17"
"293","0","0","0","3","3","2"
"294","0","0","0","0","1","0"
"295","0","0","0","3","3","2"
"296","0","0","0","6","5","5"
"297","0","0","0","0","0","0"
"298","0","0","0","0","0","0"
"299","0","0","0","3","3","2"
"300","1","1","1","2","9","18"
"301","0","0","0","3","3","2"
"302","0","0","0","0","0","0"
"303","0","0","0","3","3","2"
"304","0","2","4","4","2","3"
"305","1","2","3","5","4","4"
"306","0","0","0","0","0","0"
"307","0","0","0","0","0","8"
"308","0","0","2","1","1","1"
"309","1","1","1","0","11","11"
"311","0","0","2","1","1","1"
"312","1","0","0","3","3","2"
"313","1","1","1","2","6","11"
"314","0","0","0","0","0","0"
"315","0","0","0","0","0","8"
"317","1","2","3","5","4","12"
"318","0","0","2","1","1","1"
"319","0","0","2","1","1","1"
"320","0","0","0","6","5","5"
"321","1","1","2","1","6","7"
"322","1","1","1","2","13","21"
"323","0","0","0","3","3","2"
"324","1","2","3","5","4","12"
"325","0","0","0","6","5","5"
"326","0","0","0","3","3","2"
"327","0","0","0","6","5","5"
"328","1","2","3","5","4","4"
"329","1","2","3","5","4","4"
"330","1","2","3","5","4","4"
"331","0","0","0","3","3","2"
"332","0","0","0","0","0","8"
"333","0","0","0","0","0","8"
"334","0","0","0","0","0","8"
"335","0","0","2","1","1","1"
"336","0","0","0","3","3","2"
"337","0","0","0","0","0","8"
"338","1","1","1","1","6","7"
"339","0","0","0","4","2","3"
"340","0","0","0","0","0","0"
"341","0","0","0","0","0","0"
"342","0","0","2","1","1","1"
"343","1","1","1","2","6","31"
"344","1","1","2","1","10","10"
"346","1","1","2","1","6","7"
"347","0","2","4","4","2","9"
"348","0","0","0","0","0","0"
"349","1","1","1","2","8","24"
"350","1","1","1","3","9","14"
"351","0","0","0","0","0","8"
"352","0","0","2","1","1","1"
"353","1","2","3","5","4","12"
"354","0","0","0","3","3","2"
"355","0","2","3","5","10","12"
"356","0","0","0","3","3","2"
"357","0","0","0","3","3","2"
"358","0","0","0","0","0","0"
"359","0","0","0","0","0","0"
"360","1","1","1","2","12","23"
"361","1","1","3","5","4","4"
"362","0","0","0","0","0","0"
"363","0","0","0","0","0","0"
"364","0","0","0","0","0","0"
"365","0","0","0","3","3","2"
"366","0","0","0","0","0","0"
"368","0","0","0","1","10","10"
"370","0","0","0","0","0","0"
"372","1","2","3","0","4","8"
"373","1","2","3","5","4","4"
"374","0","0","0","0","0","0"
"376","0","0","0","3","3","2"
"378","1","1","2","1","6","7"
"379","1","1","1","1","6","7"
"381","1","1","1","2","12","15"
"382","1","2","3","5","4","4"
"383","0","0","0","6","10","10"
"384","1","1","1","7","12","16"
"385","0","0","0","3","3","2"
"386","1","1","1","0","11","11"
"388","1","1","0","6","5","5"
"389","1","1","1","2","8","17"
"390","1","1","1","2","12","15"
"391","0","0","0","3","3","2"
"392","0","0","0","3","3","2"
"393","0","0","0","6","5","5"
"394","1","2","3","5","4","4"
"395","1","1","1","2","8","27"
"397","0","0","0","3","3","2"
"398","0","0","0","0","0","8"
"399","0","0","0","3","3","2"
"400","1","1","1","2","14","19"
"401","0","0","0","0","0","0"
"402","0","0","0","4","2","5"
"403","0","0","2","1","1","0"
"404","0","0","0","3","3","2"
"405","0","0","0","3","3","2"
"406","1","1","1","2","6","24"
"407","0","0","0","0","0","0"
"408","0","0","0","0","0","0"
"409","0","0","0","0","0","0"
"410","0","0","0","0","0","0"
"411","0","0","0","3","3","2"
"412","0","0","0","0","0","0"
"413","0","2","4","4","2","3"
"415","1","1","3","5","7","6"
"416","0","0","0","3","3","2"
"417","0","2","4","4","2","9"
"418","0","0","0","3","3","0"
"419","0","0","0","0","0","0"
"420","0","0","0","3","3","2"
"421","0","0","0","3","3","2"
"422","0","0","2","1","1","1"
"423","1","1","1","2","8","23"
"424","0","2","4","4","2","9"
"426","0","0","0","3","3","2"
"427","0","0","0","0","0","0"
"428","0","0","0","3","3","2"
"429","0","0","0","6","5","5"
"430","0","0","0","0","0","0"
"431","0","0","0","3","3","0"
"432","0","2","4","4","2","3"
"433","1","1","1","2","9","14"
"434","1","1","1","2","7","6"
"437","0","0","0","0","0","0"
"438","1","1","3","5","4","4"
"439","0","0","0","3","3","2"
"440","1","1","1","3","9","14"
"441","0","0","0","0","0","0"
"442","1","1","1","2","9","23"
"443","0","0","2","1","1","1"
"444","0","0","0","0","0","0"
"445","0","0","0","0","0","0"
"446","0","0","0","0","0","0"
"447","0","2","4","4","2","9"
"448","1","1","1","2","8","22"
"449","1","1","1","7","13","16"
"450","0","0","0","0","0","0"
"451","1","2","3","5","4","4"
"452","0","0","0","0","0","0"
"453","1","2","3","5","7","6"
"454","0","0","2","1","1","1"
"455","0","0","0","3","3","2"
"456","0","0","0","0","0","0"
"457","0","0","0","0","0","0"
"458","0","0","0","0","0","0"
"461","1","1","1","3","9","14"
"462","1","2","3","5","4","4"
"464","0","0","0","3","3","0"
"465","0","0","0","0","0","0"
"468","1","1","2","1","6","7"
"470","0","0","0","3","3","2"
"471","1","2","3","5","7","6"
"473","0","0","0","0","0","8"
"474","0","0","0","0","0","0"
"475","1","1","1","2","9","14"
"476","0","0","0","3","3","2"
"477","1","1","3","5","4","16"
"478","0","0","0","0","0","0"
"481","0","0","0","0","0","8"
"482","1","1","2","1","6","7"
"483","0","0","0","0","0","0"
"484","0","0","0","3","3","2"
"497","0","0","0","3","3","2"
"498","0","0","0","3","3","2"
"499","1","1","0","3","3","2"
"500","0","0","0","0","5","0"
"501","0","0","2","0","1","1"
"502","0","0","0","0","0","8"
"503","0","0","0","0","0","0"
"504","1","1","1","3","9","14"
"505","0","2","4","4","2","3"
"506","1","2","3","5","7","6"
"507","1","0","2","6","5","5"
"508","1","2","3","5","7","6"
"509","0","2","4","4","2","3"
"510","0","2","4","4","2","3"
"511","0","0","0","3","3","2"
"512","0","0","0","3","3","2"
"513","0","0","0","0","0","0"
"514","0","0","0","0","0","8"
"515","0","0","0","0","0","0"
"516","0","2","4","4","2","3"
"517","0","0","2","1","1","1"
"518","0","0","0","3","3","2"
"519","0","0","0","6","5","5"
"520","0","0","0","3","3","2"
"521","0","0","0","3","3","2"
"522","0","2","4","4","2","3"
"523","0","0","0","3","3","2"
"524","0","2","4","4","2","9"
"525","0","0","0","0","0","8"
"526","0","0","0","0","0","0"
"527","0","0","0","3","3","2"
"528","1","1","3","5","4","4"
"529","0","0","0","0","0","8"
"531","0","0","0","3","3","2"
"532","0","0","0","0","0","0"
"533","1","1","1","2","8","20"
"536","0","0","0","0","0","8"
"538","0","0","0","0","0","8"
"539","0","0","0","3","3","2"
"541","0","0","0","3","3","2"
"542","1","1","1","1","7","13"
"543","0","0","0","6","5","5"
"544","0","2","4","4","2","3"
"545","0","2","4","4","2","3"
"548","0","0","0","0","0","0"
"550","1","2","3","5","4","4"
"551","0","0","0","0","0","0"
"552","0","0","0","3","3","2"
"553","1","1","1","2","8","20"
"555","0","0","0","6","5","5"
"556","0","0","0","0","1","0"
"557","1","1","1","2","6","8"
"558","0","0","0","0","0","0"
"559","1","1","1","2","12","15"
"560","1","2","3","5","7","6"
"561","0","0","0","3","3","2"
"562","0","0","0","0","0","8"
"563","1","1","2","1","6","7"
"564","0","0","0","0","11","11"
"565","1","1","1","2","6","7"
"566","1","1","1","6","10","10"
"567","0","0","0","6","10","10"
"569","1","2","3","5","4","4"
"570","1","1","1","6","10","10"
"573","0","0","0","3","3","5"
"574","0","0","0","3","1","0"
"575","0","0","0","6","10","10"
"576","0","0","0","3","3","2"
"577","0","0","0","0","0","0"
"579","1","1","1","2","8","29"
"582","1","1","1","3","9","14"
"583","1","1","0","3","3","19"
"587","1","1","1","2","9","25"
"590","0","0","0","0","0","0"
"591","0","0","2","1","1","1"
"593","0","0","0","3","3","2"
"594","1","1","1","8","9","12"
"595","1","1","1","2","13","13"
"596","0","0","0","3","3","2"
"597","1","1","1","2","14","19"
"598","1","2","3","0","7","0"
"599","1","1","1","1","13","13"
"601","1","1","1","2","8","26"
"602","0","0","0","3","3","2"
"606","1","1","1","1","15","12"
"607","0","0","0","3","3","2"
"610","0","0","0","3","3","2"
"611","0","0","0","6","10","10"
"612","0","0","0","3","3","2"
"613","1","1","1","2","9","18"
"616","1","1","1","6","5","5"
"617","0","0","0","3","3","2"
"621","0","0","0","6","5","5"
"622","1","1","1","2","8","20"
"623","1","1","1","3","9","14"
"624","0","0","2","1","1","1"
"625","0","0","0","0","0","0"
"626","0","0","0","0","11","11"
"627","1","2","3","5","4","4"
"628","0","0","0","0","0","8"
"629","1","1","1","3","9","14"
"630","0","2","4","4","2","9"
"631","1","1","1","0","13","16"
"632","1","2","3","5","4","4"
"633","0","2","4","4","2","9"
"636","0","0","2","1","1","1"
"638","0","0","2","1","1","1"
"639","0","0","2","1","1","1"
"640","0","0","2","1","1","1"
"641","1","1","2","1","1","1"
"642","1","1","1","2","9","18"
"643","1","1","2","1","6","7"
"644","0","0","2","1","1","1"
"645","0","0","0","3","3","2"
"646","1","1","1","1","6","7"
"647","1","1","1","2","6","7"
"648","1","1","2","1","1","1"
"651","1","1","1","6","5","5"
"652","0","0","0","6","5","5"
"653","0","2","4","1","2","9"
"654","0","0","0","0","0","0"
"655","0","0","0","0","11","11"
"656","0","0","0","6","5","5"
"657","0","0","0","0","0","0"
"658","0","0","0","0","0","0"
"659","0","0","2","1","1","1"
"660","1","1","2","1","6","7"
"661","0","0","2","1","1","1"
"662","0","0","2","1","1","1"
"663","1","1","1","1","1","13"
"664","1","1","1","2","8","28"
"665","1","1","1","1","13","13"
"666","0","0","2","1","1","1"
"667","1","1","1","2","6","22"
"668","1","2","3","5","4","4"
"669","1","1","2","1","5","5"
"670","0","0","2","1","1","1"
"671","0","0","0","6","5","5"
"673","0","0","2","1","1","1"
"674","0","0","0","0","0","8"
"675","0","0","0","6","5","5"
"676","1","1","1","1","6","7"
"677","0","0","0","6","5","5"
"678","1","1","1","1","6","7"
"679","0","0","2","1","1","1"
"680","0","0","2","1","1","9"
"681","1","1","1","2","13","13"
"682","0","0","0","6","5","5"
"683","0","0","0","6","10","10"
"684","0","0","0","3","3","2"
"685","0","0","0","3","3","2"
"686","1","1","3","5","7","6"
"687","1","1","1","2","12","15"
"688","1","2","3","5","4","4"
"689","0","0","2","1","1","1"
"690","1","1","2","1","6","7"
"691","0","0","2","1","1","1"
"692","1","1","1","1","6","7"
"693","0","0","2","1","1","1"
"694","0","0","0","0","0","0"
"695","1","1","1","1","1","13"
"696","1","1","1","2","8","17"
"698","1","1","2","1","6","7"
"699","1","1","3","5","7","6"
"700","0","0","0","0","0","0"
"701","0","0","0","0","0","0"
"702","1","1","1","2","13","13"
"704","1","1","1","2","13","16"
"705","1","1","1","6","5","5"
"706","0","0","2","1","1","1"
"707","0","0","0","6","10","10"
"708","0","0","0","3","3","2"
"709","1","2","3","5","4","4"
"710","1","1","1","2","9","19"
"711","1","2","3","5","4","4"
"712","1","1","1","1","10","28"
"714","1","1","1","2","12","15"
"715","1","1","1","2","12","29"
"716","0","0","0","0","0","8"
"717","1","1","1","2","8","30"
"718","1","1","1","2","6","7"
"719","1","1","1","1","6","7"
"720","0","0","0","0","0","8"
"721","1","1","1","2","8","17"
"723","1","0","0","0","0","0"
"724","1","1","3","5","7","6"
"725","0","0","0","0","0","8"
"726","0","0","0","6","10","10"
"731","1","2","3","5","4","4"
"732","1","1","3","5","4","4"
"733","1","1","1","2","6","22"
"734","1","2","3","5","4","4"
"735","0","0","0","6","5","5"
"736","1","1","1","2","13","13"
"737","1","1","1","2","8","33"
"738","0","0","2","1","1","8"
"739","0","0","2","1","1","1"
"740","0","0","2","0","1","0"
"741","0","0","2","1","1","1"
"742","1","1","2","1","1","1"
"743","0","0","2","1","1","1"
"744","0","0","2","1","1","1"
"745","0","0","2","1","1","1"
"746","0","0","2","1","1","1"
"747","0","0","0","0","0","8"
"748","0","0","2","1","1","1"
"749","0","0","2","1","1","1"
"750","0","0","2","1","1","1"
"751","0","0","0","0","0","0"
"752","0","0","2","1","1","1"
"753","0","0","3","0","7","6"
"754","0","0","2","1","1","1"
"755","0","0","0","0","0","0"
"756","0","0","2","1","1","1"
"757","0","0","2","1","1","1"
"758","0","0","2","1","1","1"
"759","1","1","2","1","1","13"
"760","0","0","0","0","0","0"
"761","0","0","2","1","1","1"
"762","0","0","0","0","0","0"
"763","0","0","0","0","0","0"
"764","0","0","0","0","0","0"
"765","0","0","2","1","1","1"
"766","0","0","2","0","1","0"
"767","0","0","2","1","1","1"
"768","0","0","4","6","5","9"
"769","0","0","0","0","0","0"
"770","0","0","0","0","0","8"
"771","0","2","4","4","2","9"
"772","0","2","4","4","2","9"
"773","1","1","1","2","14","32"
"774","0","0","0","3","3","2"
"776","0","0","2","1","1","1"
"777","0","0","0","0","0","8"
"778","0","0","0","6","10","10"
"779","1","1","1","2","6","31"
"780","0","0","0","6","5","5"
"781","1","1","1","1","6","7"
"782","0","2","4","4","2","3"
"783","1","2","3","5","4","12"
"784","0","0","0","3","11","11"
"785","0","0","2","1","1","1"
"786","0","0","2","1","1","1"
"787","0","0","2","1","1","1"
"788","0","0","2","1","1","1"
"789","0","0","0","4","2","3"
"790","0","0","2","1","1","1"
"791","0","0","4","4","2","3"
"792","0","0","0","0","0","0"
"793","0","0","2","0","1","0"
"794","0","0","0","3","3","2"
"795","0","0","0","0","0","0"
"796","1","1","2","1","6","7"
"797","0","0","0","0","11","11"
"798","0","0","2","0","1","0"
"799","1","1","2","1","6","7"
"800","0","0","0","6","5","5"
"801","1","1","3","0","7","0"
"802","1","2","3","5","4","4"
"803","0","2","4","4","2","3"
"804","0","0","0","3","3","2"
"805","0","0","0","6","5","5"
"806","0","0","2","1","1","1"
"807","0","0","0","0","0","0"
"808","0","0","0","0","1","0"
"809","0","0","0","4","2","3"
"810","0","2","4","4","2","3"
"811","0","0","2","0","1","0"
"812","0","0","2","1","1","1"
"813","0","0","0","0","11","11"
"814","0","0","2","0","1","0"
"815","0","0","0","3","0","0"
"816","0","0","2","0","1","1"
"817","0","0","0","0","0","0"
"818","0","0","2","0","1","0"
"819","0","0","0","0","0","0"
"820","0","0","0","3","3","2"
"821","0","2","4","4","2","3"
"822","0","0","0","6","5","5"
"823","0","2","4","4","2","3"
"824","0","0","2","0","1","0"
"825","0","0","0","0","0","0"
"827","0","0","0","0","11","5"
"828","0","0","0","0","0","0"
"829","0","0","4","4","2","3"
"830","0","0","0","3","3","2"
"831","0","2","4","4","2","3"
"832","0","2","4","4","2","3"
"833","0","2","4","4","2","3"
"834","0","2","4","4","2","3"
"836","0","0","0","6","5","5"
"838","1","1","1","2","9","14"
"839","0","0","0","0","0","0"
"840","0","0","2","0","1","0"
"841","0","0","0","6","5","5"
"842","0","0","0","6","5","5"
"843","0","0","0","1","1","1"
"844","1","1","1","2","14","19"
"846","0","0","0","6","5","5"
"847","0","0","2","1","1","1"
"848","0","0","0","4","2","5"
"849","0","2","4","4","2","3"
"850","1","1","4","4","11","11"
"851","0","0","0","0","0","0"
"852","0","0","0","6","1","5"
"853","0","0","0","3","3","5"
"854","0","0","0","6","5","5"
"855","0","0","0","0","0","0"
"857","0","0","0","4","2","3"
"858","0","0","0","3","3","2"
"859","0","2","4","4","2","3"
"860","1","2","3","5","4","4"
"861","0","2","4","4","2","3"
"862","0","2","4","4","2","3"
"863","1","1","0","3","3","2"
"864","1","2","3","5","4","12"
"865","0","0","0","0","0","0"
"866","0","0","0","0","0","0"
"867","0","0","4","0","1","0"
"868","0","0","2","1","1","1"
"869","0","0","0","6","5","5"
"871","0","0","0","3","3","2"
"872","0","0","0","6","5","5"
"873","1","2","3","5","4","3"
"874","0","0","0","0","11","11"
"875","1","1","4","4","2","9"
"876","0","2","4","4","2","3"
"877","0","0","0","0","0","0"
"879","1","1","1","2","8","28"
"880","0","0","2","1","1","1"
"881","1","2","3","5","4","4"
"883","1","2","3","5","7","6"
"884","0","0","0","3","3","0"
"885","1","1","1","1","6","7"
"886","0","2","4","4","2","9"
"889","0","0","0","3","3","2"
"890","0","0","0","3","3","2"
"891","1","1","1","6","10","10"
"892","0","2","4","4","2","3"
"893","0","0","0","0","0","0"
"894","0","0","0","0","0","0"
"895","0","2","4","4","2","3"
"896","1","2","3","5","7","6"
"900","1","1","1","1","6","7"
"903","0","2","4","4","2","3"
"904","0","2","4","4","2","3"
"905","0","0","0","0","0","0"
"906","0","2","4","4","2","3"
"907","0","0","4","4","2","3"
"908","0","0","0","6","5","5"
"909","0","0","0","0","0","0"
"910","0","0","2","0","1","1"
"911","0","2","4","4","2","3"
"912","0","0","2","0","2","0"
"913","1","1","2","1","6","7"
"914","0","0","0","3","3","2"
"915","0","2","4","4","2","3"
"916","0","0","0","3","3","2"
"917","0","0","0","3","3","2"
"918","0","0","0","6","5","5"
"919","0","2","4","4","2","3"
"920","0","2","4","4","2","9"
"921","1","1","1","2","9","14"
"922","0","0","0","0","0","0"
"923","0","2","4","4","2","3"
"924","0","0","0","0","0","0"
"925","0","2","4","4","2","3"
"926","1","2","3","5","4","4"
"927","0","0","0","3","3","2"
"928","1","2","3","5","4","3"
"929","0","0","0","0","0","0"
"930","1","1","1","3","9","18"
"931","0","0","4","4","2","3"
"932","0","0","0","4","2","3"
"933","0","0","0","3","3","2"
"934","0","0","0","0","0","0"
"935","0","0","0","0","0","0"
"936","1","1","0","1","6","7"
"937","0","0","4","4","2","9"
"938","0","0","0","0","0","0"
"939","1","1","1","6","5","5"
"940","0","0","0","0","11","11"
"942","0","0","0","3","3","2"
"943","1","1","2","1","1","13"
"944","0","0","0","3","3","2"
"945","1","0","0","3","3","2"
"946","0","0","0","6","5","5"
"948","0","0","0","3","3","2"
"949","0","0","0","6","5","5"
"950","0","2","4","4","2","3"
"951","0","0","0","0","0","0"
"952","0","0","0","6","5","5"
"953","1","1","1","2","8","20"
"955","1","1","1","1","6","7"
"956","0","0","0","3","3","2"
"957","0","2","4","4","2","3"
"958","1","2","3","5","7","6"
"959","1","1","1","2","8","20"
"960","0","0","0","6","5","5"
"961","0","0","2","1","1","1"
"964","0","0","0","0","0","0"
"965","0","2","4","4","2","3"
"966","0","0","0","6","10","10"
"967","0","2","4","4","2","9"
"968","1","1","1","2","8","25"
"969","0","0","0","6","10","10"
"970","0","0","0","0","0","0"
"971","0","0","2","1","1","1"
"972","1","2","3","5","4","4"
"973","0","0","0","0","0","0"
"975","1","2","3","5","4","12"
"976","0","0","0","0","0","0"
"977","0","0","0","3","3","2"
"978","0","2","4","4","2","9"
"979","1","1","3","5","7","6"
"980","0","2","4","4","2","3"
"981","0","2","4","4","2","3"
"982","0","0","2","1","1","1"
"983","0","0","2","1","1","1"
"984","0","0","2","1","1","1"
"985","1","1","1","2","13","13"
"986","0","0","0","0","0","0"
"987","0","0","0","0","0","0"
"988","1","1","1","2","9","28"
"989","1","1","2","1","6","7"
"990","0","0","0","0","11","11"
"991","0","0","0","0","0","0"
"992","0","0","0","0","0","0"
"993","0","0","2","0","1","0"
"995","0","0","0","0","11","11"
"996","0","0","2","1","1","1"
"997","0","0","0","6","5","5"
"998","0","2","4","4","2","3"
"999","0","0","2","1","1","1"
"1000","0","2","4","4","2","3"
"1001","1","1","1","2","8","17"
"1002","0","0","0","6","5","5"
"1003","0","0","2","0","0","0"
"1004","0","2","3","5","7","6"
"1005","1","1","1","3","9","14"
"1006","0","0","2","1","1","1"
"1007","0","0","0","3","3","2"
"1008","0","0","0","0","0","0"
"1009","0","0","2","1","1","1"
"1010","1","2","3","5","4","4"
"1011","0","2","4","4","2","3"
"1012","1","2","3","5","7","6"
"1013","0","0","2","1","1","1"
"1014","0","0","0","3","3","2"
"1015","0","0","0","0","0","0"
"1016","0","0","0","4","2","3"
"1017","0","0","0","6","10","10"
"1019","0","0","0","3","3","0"
"1020","0","0","0","3","3","2"
"1021","1","1","1","2","9","14"
"1022","0","2","4","4","2","3"
"1023","0","2","4","4","2","3"
"1024","0","2","4","4","2","3"
"1025","0","2","4","4","2","3"
"1026","0","0","0","3","3","2"
"1027","1","1","1","2","13","21"
"1029","0","0","0","6","5","5"
"1030","0","0","0","6","10","10"
"1031","1","1","1","2","8","22"
"1033","0","0","2","0","1","0"
"1034","1","1","1","2","8","21"
"1035","0","0","0","6","5","5"
"1036","1","1","2","1","6","7"
"1037","0","0","0","0","0","0"
"1038","0","2","4","4","2","9"
"1039","0","2","4","4","2","3"
"1040","0","0","0","3","3","2"
"1041","1","1","1","2","12","15"
"1042","1","1","1","2","14","24"
"1043","1","1","1","2","8","25"
"1044","0","0","0","6","5","5"
"1045","1","2","3","5","4","4"
"1046","0","0","0","6","10","9"
"1047","0","0","0","6","5","5"
"1048","0","2","3","0","0","0"
"1053","1","2","3","5","4","3"
"1054","0","2","4","4","2","3"
"1055","0","2","3","5","4","12"
"1056","1","2","3","5","7","6"
"1057","0","0","0","0","0","0"
"1058","0","0","0","3","3","2"
"1059","1","2","3","5","7","6"
"1060","0","0","0","3","3","2"
"1061","1","1","1","2","13","16"
"1062","0","0","0","3","3","2"
"1064","0","0","0","0","0","0"
"1065","0","0","2","0","1","0"
"1066","0","0","0","0","0","0"
"1067","0","0","2","1","1","1"
"1068","0","0","0","0","0","0"
"1069","0","0","0","4","2","3"
"1070","0","2","4","4","2","3"
"1071","0","0","0","0","0","0"
"1072","0","0","2","1","1","1"
"1073","0","0","0","0","0","0"
"1074","0","0","0","0","0","0"
"1075","0","0","0","0","0","0"
"1076","0","0","2","1","1","1"
"1077","0","0","0","0","0","0"
"1078","0","0","0","6","5","5"
"1079","0","2","4","4","2","3"
"1080","0","0","2","1","1","1"
"1081","0","2","4","4","2","3"
"1082","0","0","0","0","0","0"
"1083","0","0","2","1","1","1"
"1084","0","0","0","0","0","0"
"1085","0","0","2","0","11","11"
"1086","1","2","3","5","4","4"
"1087","0","0","2","1","1","1"
"1088","0","0","2","0","11","11"
"1089","0","0","0","3","3","2"
"1090","0","0","0","3","3","2"
"1091","0","0","2","1","1","1"
"1092","0","2","4","4","2","3"
"1093","0","0","0","0","0","0"
"1094","0","0","0","0","0","0"
"1095","0","0","0","6","5","5"
"1096","0","0","2","1","1","1"
"1097","0","0","0","6","5","5"
"1098","0","0","0","6","5","5"
"1099","0","0","0","3","3","2"
"1100","0","0","0","6","5","5"
"1101","0","0","0","3","3","2"
"1102","1","2","3","5","7","4"
"1103","1","1","1","1","6","7"
"1104","0","0","2","1","1","1"
"1105","0","0","0","0","0","0"
"1106","0","0","0","6","5","5"
"1107","0","0","0","6","5","5"
"1109","0","0","0","6","10","10"
"1110","0","0","0","6","10","10"
"1111","1","2","3","5","4","4"
"1112","0","2","4","4","2","9"
"1113","0","0","0","3","3","2"
"1114","1","2","3","5","4","4"
"1115","1","1","4","6","5","9"
"1116","1","1","2","1","1","1"
"1117","0","0","0","0","0","9"
"1119","1","1","1","7","12","16"
"1121","0","2","4","4","2","9"
"1122","1","1","1","2","5","18"
"1123","1","2","3","5","4","4"
"1124","0","0","2","0","1","0"
"1125","0","2","4","4","2","3"
"1126","0","2","4","4","2","3"
"1127","1","2","3","5","4","4"
"1128","1","1","1","1","6","7"
"1129","0","0","2","1","1","1"
"1130","1","1","1","2","9","14"
"1131","0","0","0","3","3","2"
"1132","1","1","1","4","11","11"
"1134","0","0","0","0","0","0"
"1135","0","0","0","3","1","0"
"1136","0","0","0","0","0","0"
"1137","0","0","0","3","3","2"
"1138","0","0","2","1","1","1"
"1139","0","0","2","1","1","1"
"1140","0","0","2","1","1","1"
"1141","0","0","0","0","0","0"
"1142","0","0","0","0","0","0"
"1143","0","0","2","1","1","1"
"1144","0","0","0","0","0","8"
"1145","0","0","0","3","3","2"
"1146","0","0","2","1","1","1"
"1147","0","0","0","3","3","2"
"1148","0","0","0","0","0","0"
"1149","0","2","4","4","2","3"
"1150","0","0","4","4","2","3"
"1151","0","0","0","0","0","8"
"1152","0","0","2","1","1","1"
"1153","0","0","0","6","5","5"
"1154","0","0","4","4","2","0"
"1155","1","1","1","2","8","17"
"1156","0","0","0","3","3","2"
"1157","0","0","0","3","0","0"
"1158","1","1","1","2","12","24"
"1159","1","2","3","5","4","3"
"1160","0","0","0","3","3","2"
"1161","0","0","0","3","3","2"
"1162","0","0","4","0","2","0"
"1163","0","0","2","0","1","0"
"1164","0","0","0","3","3","2"
"1165","1","1","1","2","12","15"
"1166","1","1","1","2","11","11"
"1167","1","1","1","2","12","15"
"1168","0","0","0","0","0","8"
"1169","0","0","0","6","5","5"
"1170","0","0","0","6","10","10"
"1171","0","0","0","3","3","2"
"1172","0","0","2","0","1","0"
"1173","0","0","0","1","1","1"
"1175","1","1","1","2","12","21"
"1176","1","1","1","2","9","18"
"1177","0","0","0","0","0","0"
"1178","0","0","0","3","3","2"
"1179","0","0","0","0","1","0"
"1180","0","0","0","0","0","8"
"1181","1","1","1","8","15","12"
"1182","1","1","1","2","13","21"
"1184","0","0","0","0","0","0"
"1186","1","1","1","1","10","10"
"1187","0","0","0","0","0","0"
"1189","0","0","2","1","1","1"
"1190","0","0","2","1","1","1"
"1191","0","0","2","1","1","1"
"1192","0","0","2","1","1","1"
"1193","0","0","2","1","1","1"
"1194","0","0","2","1","1","1"
"1195","0","0","2","1","1","1"
"1196","0","0","2","1","1","1"
"1197","0","2","4","4","2","9"
"1198","0","0","2","1","1","1"
"1199","0","0","2","1","1","1"
"1200","0","0","0","0","0","0"
"1204","1","2","3","5","4","4"
"1206","1","1","1","2","8","21"
"1207","0","2","4","4","2","3"
"1208","1","2","3","5","7","6"
"1211","1","2","3","5","7","3"
"1212","0","2","4","4","2","3"
"1213","0","2","4","4","2","3"
"1214","1","1","1","1","13","13"
"1215","1","1","1","5","7","6"
"1216","1","1","3","5","7","6"
"1217","1","2","3","5","7","6"
"1218","1","2","3","5","7","6"
"1219","0","2","4","4","2","3"
"1220","1","2","3","5","7","6"
"1221","1","2","3","5","7","6"
"1222","1","1","1","2","15","12"
"1223","1","2","3","5","7","6"
"1224","0","2","4","4","2","3"
"1225","0","2","4","4","2","3"
"1226","0","2","4","4","2","3"
"1228","1","1","1","2","7","6"
"1229","1","2","3","5","4","4"
"1230","1","1","1","2","12","15"
"1232","0","0","0","0","0","0"
"1233","0","0","0","3","3","2"
"1234","1","1","3","3","7","6"
"1235","0","2","4","4","2","3"
"1236","1","0","2","1","1","1"
"1237","0","2","4","4","2","3"
"1238","0","0","2","1","1","1"
"1239","1","2","3","5","4","3"
"1240","1","1","1","2","8","17"
"1241","1","0","0","6","10","10"
"1242","0","0","4","4","2","3"
"1243","1","1","4","1","2","9"
"1244","0","0","0","3","3","2"
"1245","0","0","0","3","3","2"
"1246","1","1","1","2","8","25"
"1247","1","2","3","5","7","6"
"1248","1","1","1","1","6","7"
"1249","0","2","4","4","2","3"
"1250","1","1","1","2","8","27"
"1252","0","0","2","1","1","1"
"1253","0","2","3","5","2","3"
"1254","1","2","3","5","4","4"
"1255","1","1","1","2","8","26"
"1256","1","1","1","2","6","26"
"1257","1","1","1","2","8","20"
"1258","0","2","4","4","2","3"
"1259","1","1","3","5","15","12"
"1260","1","1","3","5","7","6"
"1261","0","0","0","0","0","0"
"1262","0","0","0","3","1","0"
"1263","0","0","0","0","0","0"
"1264","0","0","2","1","1","1"
"1265","1","2","3","5","7","6"
"1266","0","2","4","4","2","3"
"1267","0","0","2","1","1","1"
"1268","1","1","1","2","8","30"
"1269","0","2","4","4","2","3"
"1270","1","2","3","5","4","4"
"1271","1","2","3","5","7","6"
"1272","1","1","1","2","6","7"
"1273","1","2","3","5","4","12"
"1275","1","2","3","5","7","6"
"1278","1","1","1","2","8","28"
"1279","1","2","3","5","4","4"
"1280","0","0","0","3","3","2"
"1282","0","2","4","4","2","9"
"1283","0","0","4","4","2","3"
"1284","0","2","4","4","2","3"
"1285","0","2","4","4","2","3"
"1286","0","0","0","0","0","0"
"1287","0","0","2","1","1","1"
"1288","0","2","2","4","1","3"
"1289","0","0","2","1","1","1"
"1290","0","0","2","4","1","1"
"1291","1","2","4","4","7","9"
"1292","0","2","4","4","2","9"
"1293","0","2","4","4","2","3"
"1294","0","2","4","4","2","3"
"1295","0","2","4","4","2","3"
"1296","0","0","2","1","1","1"
"1297","0","0","2","1","1","1"
"1298","0","2","4","4","2","9"
"1299","1","2","3","5","4","12"
"1300","0","2","4","4","2","9"
"1301","1","1","1","2","12","21"
"1302","1","2","3","5","7","6"
"1303","0","2","4","4","2","9"
"1304","0","2","4","4","2","3"
"1305","0","2","4","4","2","3"
"1306","0","2","4","4","2","3"
"1307","0","2","4","4","2","3"
"1308","1","1","1","2","8","17"
"1310","0","2","4","4","2","9"
"1311","0","2","4","4","2","9"
"1312","1","2","3","5","4","4"
"1313","0","0","0","3","3","2"
"1314","0","0","0","3","3","2"
"1315","1","1","1","2","9","19"
"1316","1","1","1","2","8","24"
"1317","0","2","4","4","2","3"
"1318","1","2","3","5","4","4"
"1319","0","2","4","4","2","3"
"1320","1","1","1","2","9","25"
"1321","1","1","1","2","6","22"
"1322","1","1","1","2","9","14"
"1323","0","2","4","4","2","3"
"1324","1","2","3","5","4","4"
"1326","1","1","2","1","1","9"
"1327","0","0","2","1","1","1"
"1328","1","2","3","5","4","4"
"1329","0","2","4","4","2","3"
"1330","1","2","3","5","4","4"
"1331","0","2","4","4","2","3"
"1334","0","2","4","4","2","3"
"1335","1","2","3","5","4","4"
"1336","0","2","4","4","2","3"
"1337","1","1","1","5","7","6"
"1338","1","2","3","5","4","4"
"1339","1","2","3","5","4","4"
"1340","1","2","3","5","4","4"
"1341","0","2","2","4","1","3"
"1343","0","2","4","4","2","3"
"1344","1","2","3","5","4","12"
"1346","1","2","3","5","4","4"
"1347","1","1","1","2","9","23"
"1349","0","0","0","0","0","0"
"1350","1","1","3","5","4","4"
"1351","1","2","3","5","4","4"
"1353","0","2","3","4","4","4"
"1354","1","1","1","2","12","15"
"1355","0","0","2","1","1","0"
"1359","1","2","3","5","7","6"
"1360","1","2","3","5","4","4"
"1361","1","1","2","1","6","7"
"1362","0","2","4","4","2","3"
"1363","1","2","3","5","4","6"
"1364","0","2","4","4","2","3"
"1366","0","2","3","5","2","12"
"1367","0","0","2","0","1","0"
"1368","1","2","3","5","7","6"
"1369","0","0","0","1","1","1"
"1370","0","2","4","4","2","3"
"1371","0","0","2","1","1","1"
"1372","0","0","2","1","1","1"
"1373","1","1","1","2","14","26"
"1374","0","0","0","0","0","0"
"1375","1","1","1","2","8","23"
"1376","0","0","0","0","0","0"
"1377","1","1","1","2","13","13"
"1378","1","1","3","5","4","4"
"1380","1","1","1","2","13","13"
"1381","1","2","3","5","4","4"
"1382","1","2","3","5","4","4"
"1384","1","1","3","5","7","6"
"1387","1","2","3","5","4","4"
"1388","1","1","1","7","12","16"
"1389","0","0","2","1","1","1"
"1390","0","0","0","3","3","2"
"1391","0","0","4","0","0","0"
"1392","0","0","2","1","1","1"
"1393","0","0","0","6","5","5"
"1394","0","0","2","0","1","0"
"1395","0","2","4","4","2","3"
"1396","1","2","3","5","7","6"
"1397","0","0","2","1","1","1"
"1398","1","1","2","1","1","7"
"1399","0","0","2","1","1","1"
"1400","0","2","4","4","2","3"
"1401","0","0","0","0","0","0"
"1404","0","0","0","6","5","5"
"1405","1","2","3","5","7","6"
"1406","0","2","4","4","2","3"
"1407","1","1","4","4","2","9"
"1408","1","1","1","2","12","15"
"1409","1","1","1","2","11","11"
"1410","0","0","0","0","0","0"
"1411","0","0","2","1","1","1"
"1412","0","0","0","0","11","11"
"1413","0","2","4","4","2","3"
"1414","0","0","0","3","3","2"
"1415","0","0","0","0","0","0"
"1416","0","2","4","4","2","3"
"1417","0","0","0","0","0","0"
"1418","0","2","4","4","2","3"
"1419","0","0","0","0","0","0"
"1420","0","0","0","0","0","0"
"1421","0","0","2","0","0","0"
"1422","0","0","0","0","0","0"
"1423","0","0","0","0","0","0"
"1424","0","0","0","0","11","11"
"1425","1","1","1","2","7","6"
"1426","0","0","0","3","3","2"
"1427","1","2","3","5","7","6"
"1428","0","2","4","4","2","3"
"1429","0","0","0","0","0","0"
"1430","0","0","0","0","0","8"
"1431","1","1","1","2","12","29"
"1435","0","2","4","4","2","3"
"1436","0","0","0","0","0","8"
"1437","0","0","0","6","5","5"
"1439","1","1","1","2","11","11"
"1440","1","1","3","5","4","12"
"1441","0","0","0","0","0","0"
"1443","0","2","4","4","2","3"
"1444","1","1","3","5","7","6"
"1447","0","0","0","3","3","2"
"1448","1","1","1","1","13","13"
"1449","1","2","3","5","4","12"
"1450","0","0","0","0","0","0"
"1451","1","2","3","5","4","12"
"1452","0","2","0","0","11","11"
"1453","0","0","2","1","1","0"
"1454","0","0","0","0","11","11"
"1455","0","0","0","6","5","5"
"1456","0","0","0","0","11","11"
"1458","1","1","1","2","6","26"
"1460","0","0","0","0","0","0"
"1461","0","0","2","1","1","1"
"1463","1","1","1","2","13","13"
"1464","0","0","0","0","11","11"
"1465","1","1","1","3","10","19"
"1466","1","0","0","6","10","10"
"1467","0","0","0","0","0","0"
"1468","1","1","1","2","8","23"
"1469","1","2","3","5","4","3"
"1470","0","0","2","1","1","1"
"1471","0","0","2","1","1","1"
"1472","0","2","4","4","2","3"
"1473","0","2","4","4","2","3"
"1474","0","0","0","0","0","0"
"1475","1","2","3","5","4","4"
"1476","1","2","3","5","4","12"
"1477","0","0","2","1","1","1"
"1478","0","0","2","1","1","1"
"1484","1","1","4","4","5","9"
"1486","1","1","1","2","6","22"
"1487","1","1","1","2","7","6"
"1488","0","0","2","1","1","1"
"1489","1","1","1","2","6","14"
"1492","1","1","1","2","14","32"
"1493","0","0","2","1","1","1"
"1494","1","2","3","5","7","6"
"1495","1","1","1","2","6","27"
"1497","0","2","4","4","2","9"
"1498","1","1","1","7","12","16"
"1501","1","1","1","2","13","21"
"1504","0","2","4","4","2","9"
"1506","0","0","0","6","5","5"
"1507","0","0","2","1","1","1"
"1508","0","0","0","3","3","2"
"1510","0","0","0","0","0","0"
"1511","1","1","1","1","6","7"
"1512","1","1","2","1","1","13"
"1513","0","0","0","3","3","2"
"1514","0","0","2","1","1","1"
"1519","1","1","1","2","6","22"
"1520","1","1","1","2","6","22"
"1521","1","1","1","6","10","10"
"1525","1","1","1","2","14","32"
"1527","1","1","1","2","9","18"
"1528","1","1","1","2","14","24"
"1532","1","2","3","5","4","4"
"1533","0","0","0","0","0","0"
"1534","0","0","2","1","1","1"
"1535","0","0","2","1","1","1"
"1536","0","0","2","1","1","1"
"1537","0","0","0","3","3","2"
"1538","1","1","3","5","4","12"
"1539","0","0","2","1","1","1"
"1540","0","0","2","1","1","1"
"1541","0","0","2","1","1","1"
"1542","0","0","2","1","1","1"
"1543","0","0","2","1","1","7"
"1544","1","1","2","1","1","1"
"1545","0","0","2","1","1","1"
"1546","1","2","3","5","4","4"
"1547","1","2","3","5","4","4"
"1548","1","2","3","5","4","4"
"1549","1","1","2","1","1","1"
"1552","1","1","2","1","6","7"
"1553","1","1","1","2","6","7"
"1554","1","1","1","1","6","7"
"1557","1","1","1","2","8","17"
"1559","1","1","1","2","13","13"
"1563","1","1","1","2","6","31"
"1564","1","1","1","1","6","7"
"1565","0","0","2","1","1","1"
"1566","1","1","1","1","6","7"
"1567","0","0","2","1","1","1"
"1568","1","1","1","2","13","16"
"1572","0","0","0","6","10","10"
"1575","0","0","0","6","5","5"
"1576","1","1","1","2","8","20"
"1578","1","1","1","2","9","33"
"1579","1","1","1","2","12","24"
"1581","0","2","4","4","2","3"
"1582","0","2","4","4","2","3"
"1583","0","0","2","1","1","1"
"1585","0","0","0","6","5","5"
"1586","0","0","0","0","0","0"
"1587","0","0","0","0","3","2"
"1588","0","0","0","0","0","0"
"1590","1","1","1","2","15","26"
"1592","0","0","0","0","0","5"
"1593","1","2","3","5","4","6"
"1594","0","2","4","4","2","3"
"1595","1","1","1","2","13","13"
"1596","1","1","1","2","9","25"
"1598","1","2","3","5","4","4"
"1600","1","1","1","1","6","7"
"1602","0","0","2","0","1","1"
"1603","0","0","0","3","3","2"
"1604","0","0","2","1","1","1"
"1605","0","0","2","1","1","1"
"1607","0","0","0","3","3","2"
"1608","0","2","4","4","2","3"
"1609","1","1","4","6","5","9"
"1610","0","0","2","1","1","1"
"1611","0","0","0","3","3","2"
"1612","0","2","4","6","5","9"
"1613","0","0","0","0","0","0"
"1614","0","2","3","5","2","12"
"1615","0","0","0","0","0","8"
"1616","0","0","0","6","5","5"
"1617","0","0","0","0","0","0"
"1618","1","2","3","5","4","12"
"1619","0","0","0","0","0","0"
"1620","1","2","3","5","7","6"
"1621","0","0","0","0","0","0"
"1622","0","0","0","0","0","0"
"1623","0","0","2","1","1","1"
"1624","0","0","0","3","3","2"
"1625","0","0","0","0","0","0"
"1626","0","2","2","1","1","1"
"1627","0","0","0","0","0","0"
"1628","0","0","0","0","0","10"
"1629","1","2","3","5","4","12"
